Calc,Load
299.2424698114395,179.76567523479463
