shortest_path,random_walk,biased_random_walk,communicability
1598.5778648853302,3992.6437623500824,7968.1753623485565,861.4877481460571