size,time
50,3.089584398269653
100,9.694240856170655
150,19.0415301322937
200,30.304119205474855
250,46.33579573631287
