size,time
50,175.48493552207947
100,634.0060708522797
150,1398.9597144126892
200,2465.2942266464233
250,3958.438540697098
