,Cholecalciferol,Ibuprofen,Dexamethasone,Atorvastatin,Amlodipine,Salmeterol,Fluticasone furoate,Pralsetinib,Nintedanib,Risperidone,Fluoxetine
inflammation,-7.554906876064126,-5.643353591899788,-7.254852040716018,-3.9446565447022,-4.12297300180626,-1.8378780581550855,-4.516893309536319,-1.5957889310519628,-3.320262275401728,-2.0267264897123463,-4.924212649884946
lung neoplasms,-7.536300758414708,-7.492846627977946,-6.169795145675707,-7.722405623191065,-7.129059672680426,-3.0901781766203285,-2.8679013257997426,-8.11554751867639,-7.214508149993874,-5.560408777658298,-7.994979975738843
coronary artery disease,-5.760860103230818,-4.5495248524247955,-5.096197654903043,-3.3087479726073026,-3.2395201190951615,-2.9489100353200275,-1.6071614508681764,-1.040452672369891,-3.529435363907891,-2.742888554749568,-5.476450803442857
COPD,-3.3179965092842076,-2.9500542845491875,-3.378565470498417,-1.8724703554393984,-4.273037663500538,-3.04750261256495,-2.220504015339148,-1.5404102873220258,-3.2697093470311036,-4.6616524765406275,-5.318580640726865
FragileX_syndrome,-0.5864962927786295,-1.2520333188241222,1.1684590777102606,0.5869812864255726,-0.4878333647236116,0.1523612282652563,-0.3732209644628818,0.14766288241890063,-2.977393982623023,-1.3993357575156313,-0.4571850956297328
